1714833952822,发言,,你好

1714833955549,主播,Fay,你好，有什么需要帮助的吗？

1714833960445,发言,,介绍一下你自己

1714833963820,主播,Fay,我是数字人Fay，我的底层AI算法技术是Fay。

1714833970053,发言,,自己呢

1714833972615,主播,Fay,我是数字人Fay，我的底层AI算法技术是Fay。

1714833979959,发言,,屋子内都有什么

1714833983172,主播,Fay,屋子里有桌子，椅子，床，电脑，窗户。

1714833991128,发言,,一直在哪儿

1714833993485,主播,Fay,我一直在这里，随时准备帮助你。

1714834000255,发言,,椅子在哪

1714834002773,主播,Fay,椅子在桌子旁边。

1714834008208,发言,,我操这可以啊确实可以

1714834010540,主播,Fay,很高兴能帮到你。

1714834021585,发言,,描述一下地板的颜色

1714834023926,主播,Fay,地板是深色的木质颜色。

